ID,Rank,player,age,nation,league,team,position,overall_rating,pace,shooting,passing,dribbling,defending,physical,weak_foot,skill_moves,preferred_foot,alternative_positions,age_group,outfield_attribute_average
202676,6299,Adam Taggart,32,Australia,A-League,Perth Glory,ST,69,80,68,63,68,38,72,3,3,Right,,30+,64.8
217439,7184,Brian Kaltak,32,Vanuatu,A-League,Perth Glory,CB,68,82,47,55,58,64,86,2,2,Right,,30+,65.3
232250,10619,Luke Amos,29,England,A-League,Perth Glory,CM,65,61,54,63,65,61,61,4,3,Right,['CDM'],26-29,60.8
203264,11262,Scott Wootton,34,England,A-League,Perth Glory,CB,65,43,29,47,53,64,81,3,2,Right,,30+,52.8
202678,11432,Josh Risdon,33,Australia,A-League,Perth Glory,RB,64,71,48,58,61,60,76,3,3,Right,"['LB', 'RM']",30+,62.3
263786,11566,Nicholas Pennington,27,Australia,A-League,Perth Glory,CM,64,55,54,62,61,61,73,2,2,Right,['CDM'],26-29,61.0
238360,11923,Lachlan Wales,28,Australia,A-League,Perth Glory,RM,64,80,53,59,61,24,69,2,3,Right,"['ST', 'LM', 'RW']",26-29,57.7
253153,12339,Sam Sutton,24,New Zealand,A-League,Perth Glory,LB,63,79,57,62,65,55,71,3,3,Left,['LM'],22-25,64.8
242056,12355,Callum Timmins,26,Australia,A-League,Perth Glory,CM,63,68,61,60,61,57,74,3,2,Right,"['CDM', 'ST']",26-29,63.5
188278,12514,Mark Birighitti,34,Australia,A-League,Perth Glory,GK,63,66,59,63,65,48,61,4,1,Right,,30+,
260538,13592,Cameron Cook,24,Australia,A-League,Perth Glory,GK,62,62,61,64,64,30,63,3,1,Right,,22-25,
209359,14083,Brandon O'Neill,31,Australia,A-League,Perth Glory,CM,61,56,59,61,62,59,67,4,3,Right,['CDM'],30+,60.7
272323,14830,Jaiden Kucharski,23,Australia,A-League,Perth Glory,ST,60,76,60,49,61,35,66,3,2,Right,"['CAM', 'LM']",22-25,57.8
257348,14757,Taras Gomulka,24,Australia,A-League,Perth Glory,CM,60,65,52,60,60,57,65,3,2,Right,['CDM'],22-25,59.8
260536,14817,Trent Ostler,23,Australia,A-League,Perth Glory,RM,60,70,56,52,60,50,61,3,2,Right,"['RB', 'RW']",22-25,58.2
70515,16506,Andriano Lebib,20,Australia,A-League,Perth Glory,CB,57,90,24,35,36,56,60,3,2,Right,,21 or under,50.2
70518,16875,Zach Lisolajski,20,Australia,A-League,Perth Glory,LB,56,61,25,37,44,57,62,3,2,Left,"['CB', 'LM']",21 or under,47.7
277438,16897,Kaelan Majekodunmi,22,Australia,A-League,Perth Glory,CB,56,57,29,31,38,55,63,3,2,Right,,22-25,45.5
270121,16961,Nathanael Blair,22,Australia,A-League,Perth Glory,ST,55,83,51,36,50,28,69,3,2,Right,,22-25,52.8
73108,17070,Adam Bugarija,21,Australia,A-League,Perth Glory,CAM,55,60,49,53,56,34,44,3,3,Right,"['ST', 'CM']",21 or under,49.3
70799,17186,Joel Anasmo,21,Australia,A-League,Perth Glory,LM,54,74,50,48,51,25,56,3,2,Right,"['ST', 'LW']",21 or under,50.7
275871,17197,Arion Sulemani,21,Australia,A-League,Perth Glory,ST,54,68,55,38,50,33,58,3,2,Right,,21 or under,50.3
71988,17287,Khoa Ngo,20,Australia,A-League,Perth Glory,LM,54,69,49,42,59,18,33,2,2,Right,"['RM', 'LW']",21 or under,45.0
73110,17463,William Freney,20,Australia,A-League,Perth Glory,LM,52,62,37,50,54,47,53,4,2,Left,"['CM', 'LB']",21 or under,50.5
78393,17487,Sebastian Despotovski,20,Australia,A-League,Perth Glory,CM,52,45,48,49,48,43,63,3,2,Right,,21 or under,49.3
